INSERT INTO person (tc, name, surname, age, employment_status, education_level, marital_status, monthly_income)
VALUES (10000000001, 'Emre', 'Kara', 19, 'STUDENT', 'BACHELOR', 'SINGLE', 22000.00),
       (10000000002, 'Selin', 'Demir', 22, 'PART_TIME', 'SECONDARY', 'SINGLE', 25000.00),
       (10000000003, 'Can', 'Kaya', 24, 'CONTRACTOR', 'HIGH_SCHOOL', 'SINGLE', 21000.00),
       (10000000004, 'Ayşe', 'Yılmaz', 26, 'FULL_TIME', 'BACHELOR', 'MARRIED', 30000.00),
       (10000000005, 'Murat', 'Şahin', 28, 'FULL_TIME', 'MASTER', 'SINGLE', 28000.00),
       (10000000006, 'Zeynep', 'Polat', 30, 'SELF_EMPLOYED', 'DOCTORATE', 'MARRIED', 50000.00),
       (10000000007, 'Deniz', 'Güneş', 31, 'FULL_TIME', 'BACHELOR', 'DIVORCED', 48000.00),
       (10000000008, 'Fatih', 'Yıldız', 33, 'FULL_TIME', 'MASTER', 'MARRIED', 60000.00),
       (10000000009, 'Cem', 'Aydın', 35, 'FULL_TIME', 'BACHELOR', 'SINGLE', 55000.00),
       (10000000010, 'Ayşegül', 'Çelik', 37, 'CONTRACTOR', 'SECONDARY', 'MARRIED', 40000.00),
       (10000000011, 'Ali', 'Demirtaş', 38, 'SELF_EMPLOYED', 'HIGH_SCHOOL', 'MARRIED', 65000.00),
       (10000000012, 'Fatma', 'Eren', 40, 'FULL_TIME', 'DOCTORATE', 'MARRIED', 90000.00),
       (10000000013, 'Ahmet', 'Öztürk', 42, 'FULL_TIME', 'BACHELOR', 'SINGLE', 70000.00),
       (10000000014, 'Esra', 'Kılıç', 44, 'PART_TIME', 'SECONDARY', 'DIVORCED', 45000.00),
       (10000000015, 'Mehmet', 'Çetin', 46, 'FULL_TIME', 'HIGH_SCHOOL', 'MARRIED', 38000.00),
       (10000000016, 'Nazan', 'Güzel', 48, 'SELF_EMPLOYED', 'MASTER', 'MARRIED', 85000.00),
       (10000000017, 'Kemal', 'Yalçın', 50, 'FULL_TIME', 'BACHELOR', 'DIVORCED', 100000.00),
       (10000000018, 'Bahar', 'Arslan', 52, 'FULL_TIME', 'DOCTORATE', 'MARRIED', 150000.00),
       (10000000019, 'Suat', 'Demirci', 55, 'FULL_TIME', 'MASTER', 'SINGLE', 120000.00),
       (10000000020, 'Hakan', 'Şen', 57, 'CONTRACTOR', 'BACHELOR', 'MARRIED', 80000.00),
       (10000000021, 'Leyla', 'Taş', 60, 'RETIRED', 'HIGH_SCHOOL', 'MARRIED', 60000.00),
       (10000000022, 'Serdar', 'Kaya', 62, 'RETIRED', 'SECONDARY', 'SINGLE', 30000.00),
       (10000000023, 'Melek', 'Öz', 64, 'RETIRED', 'PRIMARY', 'DIVORCED', 25000.00),
       (10000000024, 'Veli', 'Uzun', 66, 'RETIRED', 'PRIMARY', 'MARRIED', 20000.00),
       (10000000025, 'Elif', 'Polat', 67, 'RETIRED', 'SECONDARY', 'MARRIED', 22000.00),
       (10000000026, 'Osman', 'Ak', 68, 'RETIRED', 'HIGH_SCHOOL', 'SINGLE', 35000.00),
       (10000000027, 'Zehra', 'Demir', 69, 'RETIRED', 'SECONDARY', 'MARRIED', 40000.00),
       (10000000028, 'Mustafa', 'Kara', 70, 'RETIRED', 'HIGH_SCHOOL', 'SINGLE', 28000.00),
       (10000000029, 'Ece', 'Gül', 23, 'STUDENT', 'BACHELOR', 'SINGLE', 24000.00),
       (10000000030, 'Ahsen', 'Yılmaz', 25, 'STUDENT', 'HIGH_SCHOOL', 'SINGLE', 21000.00),
       (10000000031, 'Ahmet', 'Yılmaz', 29, 'PART_TIME', 'HIGH_SCHOOL', 'SINGLE', 22000),
       (10000000032, 'Bahar', 'Çelik', 45, 'UNEMPLOYED', 'SECONDARY', 'DIVORCED', 0),
       (10000000033, 'Cem', 'Yıldırım', 35, 'CONTRACTOR', 'BACHELOR', 'MARRIED', 25000),
       (10000000034, 'Derya', 'Kara', 50, 'UNEMPLOYED', 'SECONDARY', 'DIVORCED', 0),
       (10000000035, 'Elif', 'Özdemir', 42, 'FULL_TIME', 'MASTER', 'MARRIED', 120000),
       (10000000036, 'Elif', 'Aydın', 20, 'STUDENT', 'BACHELOR', 'SINGLE', 18873.20),
       (10000000037, 'Emre', 'Koç', 24, 'PART_TIME', 'SECONDARY', 'SINGLE', 26345.11),
       (10000000038, 'Ayşe', 'Yıldız', 31, 'FULL_TIME', 'MASTER', 'MARRIED', 86250.32),
       (10000000039, 'Ali', 'Demir', 45, 'SELF_EMPLOYED', 'HIGH_SCHOOL', 'DIVORCED', 134299.88),
       (10000000040, 'Zeynep', 'Çelik', 37, 'UNEMPLOYED', 'HIGH_SCHOOL', 'SINGLE', 4892.00),
       (10000000041, 'Mehmet', 'Öztürk', 52, 'CONTRACTOR', 'BACHELOR', 'MARRIED', 54500.33),
       (10000000042, 'Fatma', 'Kaya', 66, 'RETIRED', 'SECONDARY', 'MARRIED', 27700.14),
       (10000000043, 'Burak', 'Yılmaz', 19, 'STUDENT', 'HIGH_SCHOOL', 'SINGLE', 14200.75),
       (10000000044, 'Hülya', 'Arslan', 23, 'PART_TIME', 'BACHELOR', 'MARRIED', 24999.22),
       (10000000045, 'Onur', 'Doğan', 33, 'FULL_TIME', 'MASTER', 'MARRIED', 77500.00),
       (10000000046, 'Sevgi', 'Şahin', 40, 'SELF_EMPLOYED', 'BACHELOR', 'MARRIED', 110932.60),
       (10000000047, 'Ahmet', 'Bozkurt', 48, 'UNEMPLOYED', 'SECONDARY', 'DIVORCED', 7245.60),
       (10000000048, 'Melis', 'Korkmaz', 58, 'CONTRACTOR', 'MASTER', 'MARRIED', 58999.90),
       (10000000049, 'Hasan', 'Çetin', 63, 'RETIRED', 'HIGH_SCHOOL', 'DIVORCED', 32210.00),
       (10000000050, 'Ceren', 'Özdemir', 21, 'STUDENT', 'BACHELOR', 'SINGLE', 21500.00),
       (10000000051, 'Furkan', 'Güler', 25, 'PART_TIME', 'BACHELOR', 'SINGLE', 19233.44),
       (10000000052, 'Ayhan', 'Erdoğan', 36, 'FULL_TIME', 'BACHELOR', 'MARRIED', 96000.00),
       (10000000053, 'Selin', 'Kaplan', 43, 'SELF_EMPLOYED', 'HIGH_SCHOOL', 'DIVORCED', 128000.00),
       (10000000054, 'Harun', 'Özkan', 29, 'UNEMPLOYED', 'PRIMARY', 'SINGLE', 2800.00),
       (10000000055, 'Dilara', 'Bulut', 59, 'CONTRACTOR', 'BACHELOR', 'MARRIED', 49500.10),
       (10000000056, 'İsmail', 'Şimşek', 64, 'RETIRED', 'SECONDARY', 'MARRIED', 25000.00),
       (10000000057, 'Rabia', 'Kurt', 19, 'STUDENT', 'HIGH_SCHOOL', 'SINGLE', 12500.00),
       (10000000058, 'Ömer', 'Tan', 23, 'PART_TIME', 'SECONDARY', 'MARRIED', 20100.60),
       (10000000059, 'Beyza', 'Acar', 39, 'FULL_TIME', 'MASTER', 'MARRIED', 110000.00),
       (10000000060, 'Kemal', 'Avcı', 41, 'SELF_EMPLOYED', 'BACHELOR', 'MARRIED', 92000.00),
       (10000000061, 'Ece', 'Polat', 34, 'UNEMPLOYED', 'SECONDARY', 'SINGLE', 5430.00),
       (10000000062, 'Yusuf', 'Güneş', 36, 'CONTRACTOR', 'MASTER', 'MARRIED', 58980.00),
       (10000000063, 'Büşra', 'Aksoy', 65, 'RETIRED', 'HIGH_SCHOOL', 'DIVORCED', 23800.00),
       (10000000064, 'Mert', 'Yavuz', 20, 'STUDENT', 'BACHELOR', 'SINGLE', 18500.00),
       (10000000065, 'Gizem', 'Koşar', 22, 'STUDENT', 'BACHELOR', 'SINGLE', 21000.00),
       (10000000066, 'Taha', 'Karaca', 26, 'FULL_TIME', 'MASTER', 'SINGLE', 75000.00),
       (10000000067, 'Hilal', 'Çakır', 54, 'SELF_EMPLOYED', 'HIGH_SCHOOL', 'MARRIED', 118000.00),
       (10000000068, 'Berk', 'Aslan', 43, 'UNEMPLOYED', 'SECONDARY', 'DIVORCED', 6200.00),
       (10000000069, 'Zeynep', 'Küçük', 60, 'CONTRACTOR', 'BACHELOR', 'MARRIED', 52000.00),
       (10000000070, 'Murat', 'Bayraktar', 62, 'RETIRED', 'HIGH_SCHOOL', 'DIVORCED', 29500.00),
       (10000000071, 'Tuğba', 'Akın', 20, 'STUDENT', 'HIGH_SCHOOL', 'SINGLE', 16500.00),
       (10000000072, 'Serkan', 'Durmaz', 24, 'PART_TIME', 'BACHELOR', 'SINGLE', 22500.00),
       (10000000073, 'Sena', 'Topal', 28, 'FULL_TIME', 'BACHELOR', 'MARRIED', 89500.00),
       (10000000074, 'Halil', 'Yurt', 46, 'SELF_EMPLOYED', 'BACHELOR', 'DIVORCED', 134000.00),
       (10000000075, 'Gül', 'Özer', 38, 'UNEMPLOYED', 'SECONDARY', 'SINGLE', 4300.00),
       (10000000076, 'Eren', 'Bilgin', 50, 'CONTRACTOR', 'MASTER', 'MARRIED', 57500.00),
       (10000000077, 'Yasemin', 'Çelik', 68, 'RETIRED', 'SECONDARY', 'MARRIED', 31800.00),
       (10000000078, 'Alper', 'Ekinci', 19, 'STUDENT', 'HIGH_SCHOOL', 'SINGLE', 12000.00),
       (10000000079, 'Sibel', 'Arı', 23, 'PART_TIME', 'SECONDARY', 'SINGLE', 20500.00),
       (10000000080, 'Mehmet', 'Er', 32, 'FULL_TIME', 'MASTER', 'MARRIED', 97000.00),
       (10000000081, 'Didem', 'Işık', 41, 'SELF_EMPLOYED', 'HIGH_SCHOOL', 'MARRIED', 101000.00),
       (10000000082, 'Tolga', 'Önal', 36, 'UNEMPLOYED', 'PRIMARY', 'DIVORCED', 5000.00),
       (10000000083, 'Pelin', 'Taş', 59, 'CONTRACTOR', 'BACHELOR', 'MARRIED', 48500.00),
       (10000000084, 'Okan', 'Akay', 64, 'RETIRED', 'SECONDARY', 'DIVORCED', 25000.00),
       (10000000085, 'Nazlı', 'Bal', 21, 'STUDENT', 'BACHELOR', 'SINGLE', 18200.00),
       (10000000086, 'Can', 'Köse', 25, 'PART_TIME', 'BACHELOR', 'SINGLE', 24000.00),
       (10000000087, 'Berna', 'Sağlam', 39, 'FULL_TIME', 'MASTER', 'MARRIED', 102000.00),
       (10000000088, 'Umut', 'Demirtaş', 47, 'SELF_EMPLOYED', 'HIGH_SCHOOL', 'DIVORCED', 141000.00),
       (10000000089, 'İrem', 'Tosun', 44, 'UNEMPLOYED', 'SECONDARY', 'SINGLE', 6000.00),
       (10000000090, 'Yunus', 'Odabaşı', 52, 'CONTRACTOR', 'BACHELOR', 'MARRIED', 53000.00),
       (10000000091, 'Esra', 'Karabacak', 66, 'RETIRED', 'HIGH_SCHOOL', 'MARRIED', 30000.00),
       (10000000092, 'Ramazan', 'Taşkın', 20, 'STUDENT', 'HIGH_SCHOOL', 'SINGLE', 16000.00),
       (10000000093, 'Gizem', 'Torun', 24, 'PART_TIME', 'SECONDARY', 'MARRIED', 22800.00),
       (10000000094, 'Bora', 'Uçar', 31, 'FULL_TIME', 'BACHELOR', 'MARRIED', 84500.00),
       (10000000095, 'Elif', 'Özbay', 55, 'SELF_EMPLOYED', 'BACHELOR', 'MARRIED', 122000.00),
       (10000000096, 'Barış', 'Yaman', 46, 'UNEMPLOYED', 'SECONDARY', 'DIVORCED', 7100.00),
       (10000000097, 'Necla', 'İlhan', 60, 'CONTRACTOR', 'MASTER', 'MARRIED', 56000.00),
       (10000000098, 'Talha', 'Özer', 67, 'RETIRED', 'SECONDARY', 'MARRIED', 27800.00),
       (10000000099, 'Cansu', 'Türkmen', 18, 'STUDENT', 'HIGH_SCHOOL', 'SINGLE', 11500.00),
       (10000000100, 'Yalçın', 'Akkaya', 22, 'STUDENT', 'BACHELOR', 'SINGLE', 20500.00);

INSERT INTO loan_applications (loan_type, loan_term, person_tc)
VALUES
    ('PERSONAL', 12, 10000000001),
    ('CREDIT_CARD', 6, 10000000002),  -- Kredi kartı başvurusu, işsiz olduğu için az sayıda
    ('PERSONAL', 36, 10000000003),    -- İhtiyaç kredisi
    ('AUTO', 48, 10000000003),        -- Araç kredisi
    ('MORTGAGE', 120, 10000000003),   -- Mortgage kredisi
    ('PERSONAL', 24, 10000000004),    -- Kişisel kredi
    ('CREDIT_CARD', 24, 10000000004), -- Kredi kartı
    ('BUSINESS', 60, 10000000005),    -- İşletme kredisi
    ('PERSONAL', 36, 10000000005),    -- Kişisel kredi
    ('AUTO', 72, 10000000005),        -- Araç kredisi
    ('MORTGAGE', 144, 10000000005),   -- Mortgage kredisi
    ('PERSONAL', 36, 10000000006),
    ('AUTO', 48, 10000000006),
    ('PERSONAL', 36, 10000000007),
    ('BUSINESS', 60, 10000000007),
    ('CREDIT_CARD', 24, 10000000007),
    ('CREDIT_CARD', 12, 10000000008),
    ('BUSINESS', 60, 10000000009),
    ('MORTGAGE', 120, 10000000009),
    ('PERSONAL', 24, 10000000009),
    ('PERSONAL', 24, 10000000010),
    ('CREDIT_CARD', 12, 10000000010),
    ('PERSONAL', 36, 10000000011),
    ('AUTO', 48, 10000000011),
    ('PERSONAL', 24, 10000000012),
    ('CREDIT_CARD', 12, 10000000012),
    ('BUSINESS', 60, 10000000013),
    ('PERSONAL', 36, 10000000013),
    ('PERSONAL', 24, 10000000014),
    ('AUTO', 48, 10000000014),
    ('PERSONAL', 36, 10000000015),
    ('CREDIT_CARD', 24, 10000000015),
    ('PERSONAL', 24, 10000000016),
    ('PERSONAL', 36, 10000000016),
    ('PERSONAL', 24, 10000000017),
    ('AUTO', 36, 10000000017),
    ('PERSONAL', 48, 10000000018),
    ('CREDIT_CARD', 12, 10000000018),
    ('PERSONAL', 24, 10000000019),
    ('AUTO', 60, 10000000019),
    ('PERSONAL', 12, 10000000020),
    ('CREDIT_CARD', 12, 10000000020),
    -- 21-26: 3 kredi başvurusu olan 6 kişi (yüksek gelirli)
    ('PERSONAL', 36, 10000000021),
    ('AUTO', 48, 10000000021),
    ('MORTGAGE', 120, 10000000021),
    ('PERSONAL', 24, 10000000022),
    ('BUSINESS', 60, 10000000022),
    ('AUTO', 48, 10000000022),
    ('PERSONAL', 36, 10000000023),
    ('AUTO', 36, 10000000023),
    ('CREDIT_CARD', 24, 10000000023),
    ('BUSINESS', 60, 10000000024),
    ('PERSONAL', 48, 10000000024),
    ('MORTGAGE', 144, 10000000024),
    ('PERSONAL', 12, 10000000025),
    ('AUTO', 24, 10000000025),
    ('PERSONAL', 36, 10000000025),
    ('PERSONAL', 48, 10000000026),
    ('AUTO', 48, 10000000026),
    ('CREDIT_CARD', 24, 10000000026),
    -- 27-30: 4 kredi başvurusu olan 4 kişi (çok yüksek gelirli)
    ('BUSINESS', 60, 10000000027),
    ('PERSONAL', 36, 10000000027),
    ('AUTO', 48, 10000000027),
    ('MORTGAGE', 120, 10000000027),
    ('PERSONAL', 36, 10000000028),
    ('AUTO', 60, 10000000028),
    ('BUSINESS', 72, 10000000028),
    ('CREDIT_CARD', 24, 10000000028),
    ('PERSONAL', 24, 10000000029),
    ('AUTO', 36, 10000000029),
    ('MORTGAGE', 120, 10000000029),
    ('CREDIT_CARD', 12, 10000000029),
    ('BUSINESS', 60, 10000000030),
    ('PERSONAL', 36, 10000000030),
    ('AUTO', 48, 10000000030),
    ('MORTGAGE', 144, 10000000030),
    ('PERSONAL', 24, 10000000031),
    ('CREDIT_CARD', 12, 10000000032),
    ('BUSINESS', 36, 10000000033),
    ('PERSONAL', 48, 10000000033),
    ('CREDIT_CARD', 6, 10000000034),
    ('MORTGAGE', 120, 10000000035),
    ('PERSONAL', 60, 10000000035),
    ('AUTO', 48, 10000000035),
    ('BUSINESS', 84, 10000000035),
('PERSONAL', 24, 10000000036),
('CREDIT_CARD', 12, 10000000036),
('AUTO', 48, 10000000037),
('PERSONAL', 36, 10000000037),
('BUSINESS', 60, 10000000038),
('MORTGAGE', 120, 10000000038),
('PERSONAL', 24, 10000000038),
('CREDIT_CARD', 12, 10000000039),
('PERSONAL', 36, 10000000039),
('PERSONAL', 12, 10000000040),
('AUTO', 48, 10000000041),
('CREDIT_CARD', 12, 10000000041),
('PERSONAL', 36, 10000000041),
('MORTGAGE', 144, 10000000042),
('CREDIT_CARD', 12, 10000000043),
('PERSONAL', 24, 10000000044),
('CREDIT_CARD', 24, 10000000044),
('BUSINESS', 60, 10000000045),
('PERSONAL', 36, 10000000045),
('AUTO', 48, 10000000046),
('MORTGAGE', 120, 10000000046),
('CREDIT_CARD', 12, 10000000046),
('PERSONAL', 12, 10000000047),
('CREDIT_CARD', 6, 10000000048),
('PERSONAL', 18, 10000000048),
('PERSONAL', 36, 10000000049),
('CREDIT_CARD', 12, 10000000050),
('CREDIT_CARD', 12, 10000000051),
('PERSONAL', 24, 10000000051),
('AUTO', 48, 10000000052),
('BUSINESS', 60, 10000000052),
('CREDIT_CARD', 24, 10000000052),
('MORTGAGE', 144, 10000000053),
('PERSONAL', 36, 10000000053),
('PERSONAL', 12, 10000000054),
('CREDIT_CARD', 12, 10000000055),
('MORTGAGE', 120, 10000000056),
('CREDIT_CARD', 24, 10000000056),
('PERSONAL', 24, 10000000057),
('CREDIT_CARD', 12, 10000000058),
('PERSONAL', 36, 10000000059),
('AUTO', 48, 10000000059),
('BUSINESS', 60, 10000000060),
('CREDIT_CARD', 24, 10000000060),
('CREDIT_CARD', 6, 10000000061),
('PERSONAL', 24, 10000000062),
('AUTO', 60, 10000000062),
('PERSONAL', 36, 10000000063),
('CREDIT_CARD', 12, 10000000064),
('PERSONAL', 24, 10000000065),
('CREDIT_CARD', 12, 10000000065),
('PERSONAL', 48, 10000000066),
('AUTO', 36, 10000000066),
('PERSONAL', 36, 10000000067),
('BUSINESS', 60, 10000000067),
('CREDIT_CARD', 12, 10000000068),
('PERSONAL', 24, 10000000069),
('MORTGAGE', 120, 10000000070),
('CREDIT_CARD', 12, 10000000070),
('CREDIT_CARD', 6, 10000000071),
('PERSONAL', 24, 10000000072),
('CREDIT_CARD', 12, 10000000073),
('PERSONAL', 24, 10000000073),
('BUSINESS', 60, 10000000074),
('PERSONAL', 24, 10000000074),
('PERSONAL', 12, 10000000075),
('AUTO', 48, 10000000076),
('CREDIT_CARD', 12, 10000000077),
('PERSONAL', 18, 10000000078),
('PERSONAL', 24, 10000000079),
('CREDIT_CARD', 12, 10000000079),
('PERSONAL', 36, 10000000080),
('AUTO', 48, 10000000080),
('CREDIT_CARD', 24, 10000000080),
('MORTGAGE', 144, 10000000081),
('CREDIT_CARD', 12, 10000000082),
('PERSONAL', 24, 10000000083),
('CREDIT_CARD', 6, 10000000083),
('AUTO', 48, 10000000084),
('CREDIT_CARD', 12, 10000000085),
('PERSONAL', 24, 10000000086),
('CREDIT_CARD', 12, 10000000086),
('AUTO', 48, 10000000087),
('MORTGAGE', 120, 10000000087),
('BUSINESS', 60, 10000000088),
('CREDIT_CARD', 24, 10000000088),
('PERSONAL', 18, 10000000089),
('PERSONAL', 36, 10000000090),
('AUTO', 48, 10000000090),
('CREDIT_CARD', 12, 10000000091),
('PERSONAL', 24, 10000000092),
('CREDIT_CARD', 12, 10000000093),
('PERSONAL', 36, 10000000094),
('AUTO', 48, 10000000094),
('MORTGAGE', 120, 10000000095),
('CREDIT_CARD', 12, 10000000096),
('BUSINESS', 60, 10000000097),
('PERSONAL', 24, 10000000098),
('CREDIT_CARD', 12, 10000000099),
('PERSONAL', 24, 10000000100),
('CREDIT_CARD', 12, 10000000100),
    ('CREDIT_CARD', 42, 10000000036),
    ('PERSONAL', 54, 10000000037),
    ('CREDIT_CARD', 66, 10000000038),
    ('AUTO', 78, 10000000039),
    ('PERSONAL', 42, 10000000040),
    ('MORTGAGE', 66, 10000000041),
    ('AUTO', 78, 10000000042),
    ('PERSONAL', 42, 10000000043),
    ('AUTO', 54, 10000000044),
    ('MORTGAGE', 66, 10000000045),
    ('CREDIT_CARD', 54, 10000000046),
    ('PERSONAL', 78, 10000000047),
    ('AUTO', 54, 10000000048),
    ('CREDIT_CARD', 42, 10000000049),
    ('PERSONAL', 66, 10000000050),
    ('AUTO', 78, 10000000051),
    ('CREDIT_CARD', 42, 10000000052),
    ('MORTGAGE', 54, 10000000053),
    ('AUTO', 66, 10000000054),
    ('PERSONAL', 78, 10000000055),
    ('AUTO', 42, 10000000056),
    ('CREDIT_CARD', 54, 10000000057),
    ('AUTO', 66, 10000000058),
    ('PERSONAL', 78, 10000000059),
    ('AUTO', 42, 10000000060),
    ('PERSONAL', 54, 10000000061),
    ('CREDIT_CARD', 66, 10000000062),
    ('AUTO', 78, 10000000063),
    ('PERSONAL', 42, 10000000064),
    ('MORTGAGE', 54, 10000000065),
    ('AUTO', 66, 10000000066),
    ('CREDIT_CARD', 78, 10000000067),
    ('AUTO', 42, 10000000068),
    ('PERSONAL', 54, 10000000069),
    ('CREDIT_CARD', 66, 10000000070),
    ('AUTO', 78, 10000000071),
    ('PERSONAL', 42, 10000000072),
    ('CREDIT_CARD', 54, 10000000073),
    ('PERSONAL', 66, 10000000074),
    ('MORTGAGE', 78, 10000000075),
    ('AUTO', 42, 10000000076),
    ('CREDIT_CARD', 54, 10000000077),
    ('PERSONAL', 66, 10000000078),
    ('MORTGAGE', 78, 10000000079),
    ('AUTO', 42, 10000000080),
    ('CREDIT_CARD', 54, 10000000081),
    ('AUTO', 66, 10000000082),
    ('PERSONAL', 78, 10000000083),
    ('AUTO', 42, 10000000084),
    ('MORTGAGE', 54, 10000000085),
    ('CREDIT_CARD', 66, 10000000086),
    ('AUTO', 78, 10000000087),
    ('PERSONAL', 42, 10000000088),
    ('AUTO', 54, 10000000089),
    ('CREDIT_CARD', 66, 10000000090),
    ('MORTGAGE', 78, 10000000091),
    ('PERSONAL', 42, 10000000092),
    ('CREDIT_CARD', 54, 10000000093),
    ('AUTO', 66, 10000000094),
    ('PERSONAL', 78, 10000000095),
    ('AUTO', 42, 10000000096),
    ('PERSONAL', 54, 10000000097),
    ('CREDIT_CARD', 66, 10000000098),
    ('AUTO', 78, 10000000099),
    ('CREDIT_CARD', 42, 10000000100),
    ('CREDIT_CARD', 36, 10000000001),
    ('PERSONAL', 48, 10000000004),
    ('AUTO', 54, 10000000007),
    ('MORTGAGE', 96, 10000000009),
    ('CREDIT_CARD', 18, 10000000010),
    ('AUTO', 36, 10000000012),
    ('PERSONAL', 42, 10000000014),
    ('MORTGAGE', 102, 10000000015),
    ('CREDIT_CARD', 30, 10000000017),
    ('AUTO', 66, 10000000019),
    ('PERSONAL', 60, 10000000020),
    ('BUSINESS', 72, 10000000021),
    ('CREDIT_CARD', 24, 10000000022),
    ('MORTGAGE', 108, 10000000023),
    ('AUTO', 36, 10000000024),
    ('PERSONAL', 30, 10000000025),
    ('CREDIT_CARD', 18, 10000000026),
    ('BUSINESS', 84, 10000000028),
    ('MORTGAGE', 132, 10000000029),
    ('PERSONAL', 66, 10000000030),
    ('AUTO', 54, 10000000031),
    ('PERSONAL', 42, 10000000032),
    ('CREDIT_CARD', 30, 10000000033),
    ('MORTGAGE', 96, 10000000034),
    ('PERSONAL', 36, 10000000036),
    ('CREDIT_CARD', 18, 10000000037),
    ('AUTO', 54, 10000000038),
    ('MORTGAGE', 90, 10000000039),
    ('CREDIT_CARD', 30, 10000000040),
    ('AUTO', 36, 10000000041),
    ('PERSONAL', 48, 10000000042),
    ('CREDIT_CARD', 24, 10000000043),
    ('MORTGAGE', 72, 10000000044),
    ('PERSONAL', 42, 10000000045),
    ('AUTO', 60, 10000000046),
    ('CREDIT_CARD', 18, 10000000047),
    ('MORTGAGE', 120, 10000000048),
    ('PERSONAL', 30, 10000000049),
    ('AUTO', 66, 10000000050),
    ('CREDIT_CARD', 24, 10000000051),
    ('PERSONAL', 36, 10000000052),
    ('MORTGAGE', 84, 10000000053),
    ('BUSINESS', 72, 10000000054),
    ('CREDIT_CARD', 30, 10000000055),
    ('AUTO', 60, 10000000056),
    ('PERSONAL', 48, 10000000057),
    ('CREDIT_CARD', 36, 10000000058),
    ('AUTO', 72, 10000000059),
    ('MORTGAGE', 90, 10000000060),
    ('PERSONAL', 24, 10000000061),
    ('CREDIT_CARD', 30, 10000000062),
    ('AUTO', 60, 10000000063),
    ('MORTGAGE', 120, 10000000064),
    ('PERSONAL', 42, 10000000065),
    ('AUTO', 66, 10000000067),
    ('CREDIT_CARD', 24, 10000000068),
    ('MORTGAGE', 96, 10000000070),
    ('PERSONAL', 60, 10000000071),
    ('CREDIT_CARD', 18, 10000000072),
    ('BUSINESS', 84, 10000000073),
    ('AUTO', 72, 10000000074),
    ('PERSONAL', 48, 10000000075),
    ('MORTGAGE', 90, 10000000076),
    ('CREDIT_CARD', 30, 10000000077),
    ('PERSONAL', 42, 10000000078),
    ('AUTO', 66, 10000000079),
    ('CREDIT_CARD', 36, 10000000080),
    ('MORTGAGE', 120, 10000000081),
    ('PERSONAL', 54, 10000000082),
    ('AUTO', 78, 10000000083),
    ('CREDIT_CARD', 36, 10000000084),
    ('PERSONAL', 48, 10000000085),
    ('AUTO', 72, 10000000086);

INSERT INTO collaterals (type, collateral_value, loan_app_id)
VALUES

    ('GUARANTEE', 5000, 2),
    ('GUARANTEE', 15000, 3),
    ('REAL_ESTATE', 2500000, 5),
    ('CASH_DEPOSIT', 75000, 6),
    ('REAL_ESTATE', 3000000, 9),
    ('INVENTORY', 150000, 10),
    ('RECEIVABLE', 60000, 10),
    ('GUARANTEE', 12000, 12),
    ('CASH_DEPOSIT', 40000, 13),
    ('CASH_DEPOSIT', 120000, 15),
    ('INVENTORY', 100000, 17),
    ('INVENTORY', 180000, 18),
    ('RECEIVABLE', 50000, 18),
    ('GUARANTEE', 7000, 19),
    ('CASH_DEPOSIT', 130000, 21),
    ('INVENTORY', 200000, 22),
    ('GUARANTEE', 12000, 23),
    ('CASH_DEPOSIT', 45000, 24),
    ('GUARANTEE', 9000, 27),
    ('CASH_DEPOSIT', 100000, 28),
    ('INVENTORY', 110000, 30),
    ('GUARANTEE', 25000, 32),
    ('INVENTORY', 180000, 33),
    ('RECEIVABLE', 90000, 33),
    ('REAL_ESTATE', 3200000, 34),
    ('CASH_DEPOSIT', 90000, 35),
    ('GUARANTEE', 13000, 36),
    ('CASH_DEPOSIT', 110000, 38),
    ('INVENTORY', 100000, 39),
    ('GUARANTEE', 8500, 41),
    ('INVENTORY', 160000, 42),
    ('GUARANTEE', 20000, 43),
    ('CASH_DEPOSIT', 35000, 44),
    ('CASH_DEPOSIT', 115000, 45),
    ('INVENTORY', 90000, 47),
    ('CASH_DEPOSIT', 45000, 49),
    ('CASH_DEPOSIT', 90000, 50),
    ('INVENTORY', 100000, 51),
    ('GUARANTEE', 7500, 53),
    ('INVENTORY', 180000, 55),
    ('GUARANTEE', 22000, 56),
    ('REAL_ESTATE', 2800000, 57),
    ('GUARANTEE', 5000, 58),
    ('INVENTORY', 120000, 59),
    ('GUARANTEE', 18000, 60),
    ('REAL_ESTATE', 3200000, 61),
    ('CASH_DEPOSIT', 85000, 62),
    ('VEHICLE', 450000, 63),
    ('INVENTORY', 100000, 64),
('GUARANTEE', 10000, 65),
('VEHICLE', 180000, 66),
('INVENTORY', 250000, 68),
('REAL_ESTATE', 2800000, 70),
('GUARANTEE', 5000, 72),
('CASH_DEPOSIT', 30000, 75),
('INVENTORY', 150000, 77),
('REAL_ESTATE', 3200000, 79),
('GUARANTEE', 25000, 80),
('RECEIVABLE', 120000, 84),
('GUARANTEE', 18000, 85),
('VEHICLE', 200000, 87),
('CASH_DEPOSIT', 42000, 89),
('INVENTORY', 100000, 90),
('REAL_ESTATE', 2600000, 91),
('GUARANTEE', 15000, 93),
('CASH_DEPOSIT', 28000, 95),
('RECEIVABLE', 85000, 97),
('REAL_ESTATE', 3100000, 100),
('GUARANTEE', 12000, 101),
('INVENTORY', 95000, 102),
('CASH_DEPOSIT', 30000, 105),
('VEHICLE', 170000, 106),
('GUARANTEE', 11000, 110),
('REAL_ESTATE', 2700000, 111),
('RECEIVABLE', 130000, 113),
('GUARANTEE', 16000, 114),
('CASH_DEPOSIT', 34000, 116),
('VEHICLE', 190000, 119),
('INVENTORY', 180000, 120),
('GUARANTEE', 17000, 121),
('REAL_ESTATE', 2950000, 124),
('GUARANTEE', 20000, 126),
('INVENTORY', 125000, 127),
('GUARANTEE', 15000, 130),
('CASH_DEPOSIT', 28000, 131),
('VEHICLE', 160000, 133),
('RECEIVABLE', 140000, 135),
('GUARANTEE', 6000, 136),
('CASH_DEPOSIT', 35000, 137),
('GUARANTEE', 22000, 139),
('INVENTORY', 110000, 140),
('REAL_ESTATE', 2650000, 142),
('GUARANTEE', 12500, 145),
('VEHICLE', 175000, 146),
('CASH_DEPOSIT', 31000, 147),
('INVENTORY', 135000, 149),
('GUARANTEE', 18000, 150),
('REAL_ESTATE', 3000000, 152),
('RECEIVABLE', 95000, 154),
('GUARANTEE', 20000, 155),
('CASH_DEPOSIT', 37000, 157),
('GUARANTEE', 14000, 158),
('VEHICLE', 185000, 161),
('INVENTORY', 160000, 162),
('GUARANTEE', 15500, 164),
('REAL_ESTATE', 3150000, 165),
('GUARANTEE', 17500, 167),
('CASH_DEPOSIT', 26000, 169),
('RECEIVABLE', 100000, 170),
('VEHICLE', 170000, 172),
('GUARANTEE', 13000, 174),
('INVENTORY', 115000, 175),
('REAL_ESTATE', 2500000, 177),
('CASH_DEPOSIT', 24000, 179),
('GUARANTEE', 19500, 181),
('RECEIVABLE', 105000, 184),
('GUARANTEE', 14500, 185),
('REAL_ESTATE', 2750000, 186),
('CASH_DEPOSIT', 36000, 188),
('GUARANTEE', 17000, 189),
('INVENTORY', 120000, 191),
('GUARANTEE', 10000, 192),
('CASH_DEPOSIT', 31000, 194),
('GUARANTEE', 21000, 195),
('REAL_ESTATE', 2850000, 196),
('RECEIVABLE', 95000, 198),
('VEHICLE', 180000, 199),
('GUARANTEE', 13500, 201),
('INVENTORY', 155000, 202),
('GUARANTEE', 16500, 204),
('CASH_DEPOSIT', 32000, 205),
('INVENTORY', 170000, 207),
('REAL_ESTATE', 2900000, 208),
('GUARANTEE', 19000, 210),
('VEHICLE', 160000, 211),
('RECEIVABLE', 125000, 213),
('CASH_DEPOSIT', 27000, 214),
('GUARANTEE', 10000, 216),
('GUARANTEE', 23000, 217),
('INVENTORY', 140000, 219),
('CASH_DEPOSIT', 29000, 220),
('GUARANTEE', 15000, 222),
('REAL_ESTATE', 2750000, 223),
('CASH_DEPOSIT', 25000, 225),
('INVENTORY', 135000, 226),
('VEHICLE', 200000, 228),
('GUARANTEE', 18000, 229),
('CASH_DEPOSIT', 26000, 231),
('REAL_ESTATE', 2950000, 232),
    ('RECEIVABLE', 90000, 68),   -- loan_app_id 68 BUSINESS (ilk: INVENTORY)
    ('GUARANTEE', 25000, 70),    -- loan_app_id 70 MORTGAGE (ilk: REAL_ESTATE)
    ('RECEIVABLE', 110000, 77),  -- loan_app_id 77 BUSINESS (ilk: INVENTORY)
    ('CASH_DEPOSIT', 60000, 84), -- loan_app_id 84 BUSINESS (ilk: RECEIVABLE)
    ('RECEIVABLE', 105000, 90),  -- loan_app_id 90 BUSINESS (ilk: INVENTORY)
    ('CASH_DEPOSIT', 50000, 91), -- loan_app_id 91 MORTGAGE (ilk: REAL_ESTATE)
    ('INVENTORY', 115000, 93),   -- loan_app_id 93 AUTO (ilk: GUARANTEE)
    ('CASH_DEPOSIT', 46000, 95), -- loan_app_id 95 PERSONAL (ilk: CASH_DEPOSIT)
    ('GUARANTEE', 15000, 97),    -- loan_app_id 97 BUSINESS (ilk: RECEIVABLE)
    ('RECEIVABLE', 125000, 100), -- loan_app_id 100 MORTGAGE (ilk: REAL_ESTATE)
    ('GUARANTEE', 16000, 102),   -- loan_app_id 102 BUSINESS (ilk: INVENTORY)
    ('CASH_DEPOSIT', 48000, 105),-- loan_app_id 105 PERSONAL (ilk: CASH_DEPOSIT)
    ('INVENTORY', 100000, 106),  -- loan_app_id 106 AUTO (ilk: VEHICLE)
    ('GUARANTEE', 13000, 110),   -- loan_app_id 110 PERSONAL (ilk: GUARANTEE)
    ('RECEIVABLE', 95000, 111),  -- loan_app_id 111 MORTGAGE (ilk: REAL_ESTATE)
    ('GUARANTEE', 14000, 113),   -- loan_app_id 113 BUSINESS (ilk: RECEIVABLE)
    ('CASH_DEPOSIT', 36000, 114),-- loan_app_id 114 AUTO (ilk: GUARANTEE)
    ('GUARANTEE', 16500, 116),   -- loan_app_id 116 PERSONAL (ilk: CASH_DEPOSIT)
    ('RECEIVABLE', 120000, 119), -- loan_app_id 119 AUTO (ilk: VEHICLE)
    ('CASH_DEPOSIT', 40000, 120),-- loan_app_id 120 BUSINESS (ilk: INVENTORY)
    ('INVENTORY', 105000, 121),  -- loan_app_id 121 PERSONAL (ilk: GUARANTEE)
    ('GUARANTEE', 19000, 124),   -- loan_app_id 124 MORTGAGE (ilk: REAL_ESTATE)
    ('RECEIVABLE', 95000, 126),  -- loan_app_id 126 AUTO (ilk: GUARANTEE)
    ('CASH_DEPOSIT', 42000, 127),-- loan_app_id 127 BUSINESS (ilk: INVENTORY)
    ('RECEIVABLE', 99000, 130),  -- loan_app_id 130 PERSONAL (ilk: GUARANTEE)
    ('GUARANTEE', 15000, 131),   -- loan_app_id 131 PERSONAL (ilk: CASH_DEPOSIT)
    ('CASH_DEPOSIT', 55000, 133),-- loan_app_id 133 AUTO (ilk: VEHICLE)
    ('RECEIVABLE', 108000, 135), -- loan_app_id 135 BUSINESS (ilk: RECEIVABLE)
    ('CASH_DEPOSIT', 39000, 137),-- loan_app_id 137 PERSONAL (ilk: CASH_DEPOSIT)
    ('GUARANTEE', 18500, 139),   -- loan_app_id 139 AUTO (ilk: GUARANTEE)
    ('RECEIVABLE', 97000, 140),  -- loan_app_id 140 BUSINESS (ilk: INVENTORY)
    ('GUARANTEE', 14500, 142),   -- loan_app_id 142 MORTGAGE (ilk: REAL_ESTATE)
    ('RECEIVABLE', 102000, 145), -- loan_app_id 145 PERSONAL (ilk: GUARANTEE)
    ('INVENTORY', 112000, 146),  -- loan_app_id 146 AUTO (ilk: VEHICLE)
    ('GUARANTEE', 14000, 147),   -- loan_app_id 147 PERSONAL (ilk: CASH_DEPOSIT)
    ('CASH_DEPOSIT', 48000, 149),-- loan_app_id 149 BUSINESS (ilk: INVENTORY)
    ('RECEIVABLE', 115000, 150), -- loan_app_id 150 PERSONAL (ilk: GUARANTEE)
    ('GUARANTEE', 16000, 152),   -- loan_app_id 152 MORTGAGE (ilk: REAL_ESTATE)
    ('CASH_DEPOSIT', 49000, 154),-- loan_app_id 154 BUSINESS (ilk: RECEIVABLE)
    ('RECEIVABLE', 100000, 155), -- loan_app_id 155 AUTO (ilk: GUARANTEE)
    ('GUARANTEE', 17000, 157),   -- loan_app_id 157 PERSONAL (ilk: CASH_DEPOSIT)
    ('CASH_DEPOSIT', 39000, 158),-- loan_app_id 158 PERSONAL (ilk: GUARANTEE)
    ('GUARANTEE', 16000, 161),   -- loan_app_id 161 AUTO (ilk: VEHICLE)
    ('RECEIVABLE', 113000, 162), -- loan_app_id 162 BUSINESS (ilk: INVENTORY)
    ('GUARANTEE', 15000, 164),   -- loan_app_id 164 PERSONAL (ilk: GUARANTEE)
    ('CASH_DEPOSIT', 47000, 165),-- loan_app_id 165 MORTGAGE (ilk: REAL_ESTATE)
    ('RECEIVABLE', 98000, 167),  -- loan_app_id 167 AUTO (ilk: GUARANTEE)
    ('GUARANTEE', 13000, 169),   -- loan_app_id 169 PERSONAL (ilk: CASH_DEPOSIT)
    ('CASH_DEPOSIT', 44000, 170),-- loan_app_id 170 BUSINESS (ilk: RECEIVABLE)
    ('RECEIVABLE', 120000, 172), -- loan_app_id 172 AUTO (ilk: VEHICLE)
    ('GUARANTEE', 12000, 174),
    ('INVENTORY', 170000, 176),
    ('RECEIVABLE', 80000, 176),
    ('GUARANTEE', 25000, 176),
    ('REAL_ESTATE', 3200000, 181),
    ('GUARANTEE', 30000, 181),
    ('CASH_DEPOSIT', 75000, 181),
    ('VEHICLE', 500000, 182),
    ('GUARANTEE', 20000, 182),
    ('RECEIVABLE', 45000, 182),
    ('INVENTORY', 150000, 183),
    ('RECEIVABLE', 95000, 183),
    ('CASH_DEPOSIT', 60000, 183),
    ('REAL_ESTATE', 2900000, 197),
    ('GUARANTEE', 35000, 197),
    ('CASH_DEPOSIT', 95000, 197),
    ('VEHICLE', 420000, 198),
    ('GUARANTEE', 15000, 198),
    ('RECEIVABLE', 25000, 198),
    ('INVENTORY', 200000, 201),
    ('RECEIVABLE', 90000, 201),
    ('GUARANTEE', 28000, 201),
    ('REAL_ESTATE', 3500000, 203),
    ('CASH_DEPOSIT', 85000, 203),
    ('GUARANTEE', 45000, 203),
    ('INVENTORY', 175000, 210),
    ('RECEIVABLE', 72000, 210),
    ('GUARANTEE', 30000, 210),
    ('VEHICLE', 410000, 215),
    ('GUARANTEE', 10000, 215),
    ('CASH_DEPOSIT', 25000, 215),
    ('REAL_ESTATE', 3100000, 216),
    ('GUARANTEE', 28000, 216),
    ('RECEIVABLE', 50000, 216),
    ('INVENTORY', 180000, 218),
    ('GUARANTEE', 22000, 218),
    ('CASH_DEPOSIT', 40000, 218),
    ('VEHICLE', 380000, 220),
    ('GUARANTEE', 15000, 220),
    ('RECEIVABLE', 27000, 220),
    ('INVENTORY', 195000, 222),
    ('RECEIVABLE', 70000, 222),
    ('GUARANTEE', 35000, 222),
    ('REAL_ESTATE', 3000000, 224),
    ('GUARANTEE', 40000, 224),
    ('CASH_DEPOSIT', 95000, 224),
    ('INVENTORY', 210000, 225),
    ('RECEIVABLE', 85000, 225),
    ('GUARANTEE', 30000, 225),
    ('VEHICLE', 460000, 228),
    ('GUARANTEE', 12000, 228),
    ('CASH_DEPOSIT', 18000, 228),
    ('INVENTORY', 170000, 230),
    ('RECEIVABLE', 60000, 230),
    ('GUARANTEE', 27000, 230),
    ('REAL_ESTATE', 2800000, 232),
    ('GUARANTEE', 45000, 232),
    ('CASH_DEPOSIT', 100000, 232),
    ('INVENTORY', 200000, 233),
    ('RECEIVABLE', 90000, 233),
    ('GUARANTEE', 32000, 233),
    ('VEHICLE', 390000, 235),
    ('GUARANTEE', 17000, 235),
    ('CASH_DEPOSIT', 20000, 235),
    ('INVENTORY', 180000, 237),
    ('RECEIVABLE', 75000, 237),
    ('GUARANTEE', 29000, 237),
    ('REAL_ESTATE', 3400000, 239),
    ('GUARANTEE', 40000, 239),
    ('CASH_DEPOSIT', 92000, 239),
    ('INVENTORY', 200000, 240),
    ('RECEIVABLE', 85000, 240),
    ('GUARANTEE', 26000, 240),
    ('VEHICLE', 470000, 242),
    ('GUARANTEE', 13000, 242),
    ('CASH_DEPOSIT', 23000, 242),
    ('REAL_ESTATE', 3300000, 244),
    ('GUARANTEE', 37000, 244),
    ('CASH_DEPOSIT', 97000, 244),
    ('INVENTORY', 160000, 246),
    ('RECEIVABLE', 65000, 246),
    ('GUARANTEE', 24000, 246),
    ('VEHICLE', 440000, 248),
    ('GUARANTEE', 11000, 248),
    ('RECEIVABLE', 28000, 248),
    ('INVENTORY', 205000, 250),
    ('RECEIVABLE', 79000, 250),
    ('GUARANTEE', 31000, 250),
    ('REAL_ESTATE', 3600000, 251),
    ('GUARANTEE', 50000, 251),
    ('CASH_DEPOSIT', 88000, 251),
('CASH_DEPOSIT', 70000, 255),
('VEHICLE', 400000, 258),
('GUARANTEE', 30000, 260),
('RECEIVABLE', 65000, 261),
('INVENTORY', 160000, 266),
('RECEIVABLE', 90000, 268),
('CASH_DEPOSIT', 90000, 268),
('REAL_ESTATE', 300000, 268),
('GUARANTEE', 30000, 271),
('CASH_DEPOSIT', 9000, 272),
('VEHICLE', 420000, 272),
('GUARANTEE', 25000, 274),
('RECEIVABLE', 28000, 276),
('INVENTORY', 290000, 280),
('RECEIVABLE', 60000, 282),
('GUARANTEE', 21000, 285),
('REAL_ESTATE', 300000, 288),
('CASH_DEPOSIT', 15000, 291),
('GUARANTEE', 35000, 294),
('INVENTORY', 275000, 295),
('RECEIVABLE', 12000, 299),
('INVENTORY', 100000, 300),
('RECEIVABLE', 55000, 300),
('GUARANTEE', 25000, 300),
('REAL_ESTATE', 3300000, 301),
('GUARANTEE', 70000, 305),
('CASH_DEPOSIT', 72000, 306),
('INVENTORY', 100000, 320),
('RECEIVABLE', 35000, 321),
('GUARANTEE', 22000, 322),
('VEHICLE', 460000, 322),
('GUARANTEE', 43000, 323),
('CASH_DEPOSIT', 23000, 318),
('REAL_ESTATE', 300000, 324);

INSERT INTO credit_history_summaries
(person_tc,
 total_debt_count,
 total_debt_amount,
 on_time_debt_count,
 on_time_debt_amount,
 late_debt_count,
 late_debt_amount,
 loan_applications_last_year,
 credit_card_limit,
 current_card_debt,
 credit_card_usage_duration)
VALUES
    -- 1) Emre Kara (TC: 12345678901), Öğrenci, Gelir: 0.00
    -- Yeni öğrenci, düşük borç ve kredi kartı kullanımı
    (10000000001, 2, 1500.00, 2, 1500.00, 0, 0.00, 1, 3000.00, 500.00, 1),

    -- 2) Selin Demir (TC: 12345678902), İşsiz, Gelir: 0.00
    -- İşsiz, borçları zamanında ödemekte zorlanıyor, kredi kartı limiti düşük
    (10000000002, 5, 12000.00, 3, 8000.00, 2, 4000.00, 3, 4000.00, 2500.00, 2),

    -- 3) Fatih Yıldız (TC: 12345678903), Tam zamanlı, Gelir: 45661.75
    -- İyi gelir, borçları düzenli ödüyor, yüksek kredi kartı limiti
    (10000000003, 7, 60000.00, 7, 60000.00, 0, 0.00, 4, 20000.00, 0.00, 5),

    -- 4) Ayşegül Çelik (TC: 12345678904), Yarı zamanlı, Gelir: 15000.50
    -- Orta gelir, bazı gecikmeler var, kredi kartı borcu düşük
    (10000000004, 6, 18000.00, 4, 14000.00, 2, 4000.00, 3, 9000.00, 1200.00, 2),

    -- 5) Murat Şahin (TC: 12345678905), Serbest Meslek, Gelir: 78000.25
    -- Yüksek gelir, borçlarını zamanında ödüyor, kredi kartı limiti yüksek
    (10000000005, 12, 150000.00, 12, 150000.00, 0, 0.00, 5, 35000.00, 0.00, 8),

    -- 6) Zeynep Polat (TC: 12345678906), Sözleşmeli, Gelir: 35000.00
    -- Orta gelir, ara sıra gecikmeler, orta kredi kartı limiti
    (10000000006, 5, 9000.00, 4, 7500.00, 1, 1500.00, 4, 15000.00, 5000.00, 4),

    -- 7) Deniz Güneş (TC: 12345678907), Tam zamanlı, Gelir: 62000.00
    -- Yüksek gelir, az gecikme, yüksek kredi kartı limiti ve borcu
    (10000000007, 13, 105000.00, 12, 100000.00, 1, 5000.00, 6, 18000.00, 4500.00, 6),

    -- 8) Can Kaya (TC: 12345678908), Öğrenci, Gelir: 500.00
    -- Düşük gelir, sınırlı kredi geçmişi, düşük kredi kartı limiti
    (10000000008, 1, 1000.00, 1, 1000.00, 0, 0.00, 1, 4000.00, 1000.00, 1),

    -- 9) Cem Aydın (TC: 12345678909), Serbest Meslek, Gelir: 91000.10
    -- Yüksek gelir, düzenli ödeme, yüksek kredi kartı limiti
    (10000000009, 8, 90000.00, 8, 90000.00, 0, 0.00, 4, 27000.00, 0.00, 7),

    -- 10) Fatma Eren (TC: 12345678910), Emekli, Gelir: 12000.00
    -- Düşük gelir, bazen gecikmeler, düşük kredi kartı limiti
    (10000000010, 7, 25000.00, 5, 18000.00, 2, 7000.00, 2, 5000.00, 1200.00, 3),

    -- 11) Hakan Yılmaz (TC: 12345678911), Tam zamanlı, Gelir: 90000.00
    -- Yüksek gelir, düzenli ödemeler, yüksek kredi kartı limiti
    (10000000011, 9, 125000.00, 9, 125000.00, 0, 0.00, 5, 30000.00, 0.00, 6),

    -- 12) Elif Şen (TC: 12345678912), Yarı zamanlı, Gelir: 22000.00
    -- Orta gelir, bazı gecikmeler, orta kredi kartı limiti
    (10000000012, 5, 15000.00, 4, 12000.00, 1, 3000.00, 3, 8000.00, 2000.00, 2),

    -- 13) Onur Kara (TC: 12345678913), Sözleşmeli, Gelir: 36000.00
    -- Orta gelir, az gecikme, kredi kartı borcu düşük
    (10000000013, 6, 20000.00, 5, 18000.00, 1, 2000.00, 4, 10000.00, 1500.00, 3),

    -- 14) Zeynep Demir (TC: 12345678914), Emekli, Gelir: 18000.00
    -- Düşük gelir, borçları zamanında ödüyor
    (10000000014, 4, 9000.00, 4, 9000.00, 0, 0.00, 2, 4000.00, 0.00, 4),

    -- 15) Ahmet Öz (TC: 12345678915), Tam zamanlı, Gelir: 75000.00
    -- Yüksek gelir, genel olarak düzenli ödemeler
    (10000000015, 10, 85000.00, 9, 80000.00, 1, 5000.00, 6, 20000.00, 3000.00, 5),

    -- 16) Melis Kaya (TC: 12345678916), Öğrenci, Gelir: 0.00
    -- Yeni öğrenci, kredi geçmişi az
    (10000000016, 1, 800.00, 1, 800.00, 0, 0.00, 1, 2000.00, 0.00, 1),

    -- 17) Barış Polat (TC: 12345678917), Serbest Meslek, Gelir: 85000.00
    -- Yüksek gelir, kusursuz ödeme geçmişi
    (10000000017, 11, 160000.00, 11, 160000.00, 0, 0.00, 5, 30000.00, 0.00, 7),

    -- 18) Seda Eren (TC: 12345678918), Tam zamanlı, Gelir: 55000.00
    -- Orta-yüksek gelir, genel olarak düzenli ödemeler
    (10000000018, 5, 40000.00, 5, 40000.00, 0, 0.00, 3, 15000.00, 0.00, 4),

    -- 19) Kerem Şahin (TC: 12345678919), Yarı zamanlı, Gelir: 21000.00
    -- Düşük gelir, az gecikme
    (10000000019, 5, 17000.00, 4, 14000.00, 1, 3000.00, 2, 7000.00, 500.00, 2),

    -- 20) Yasemin Güneş (TC: 12345678920), Sözleşmeli, Gelir: 34000.00
    -- Orta gelir, borç ödemeleri düzenli
    (10000000020, 4, 15000.00, 4, 15000.00, 0, 0.00, 2, 9000.00, 0.00, 3),

    -- 21) Serkan Öz (TC: 12345678921), Tam zamanlı, Gelir: 65000.00
    -- Orta-yüksek gelir, az gecikme
    (10000000021, 9, 95000.00, 8, 90000.00, 1, 5000.00, 5, 17000.00, 3500.00, 5),

    -- 22) Aslı Demir (TC: 12345678922), Emekli, Gelir: 15000.00
    -- Düşük gelir, borçlarını zamanında ödüyor
    (10000000022, 3, 8000.00, 3, 8000.00, 0, 0.00, 2, 4000.00, 0.00, 3),

    -- 23) Caner Polat (TC: 12345678923), Serbest Meslek, Gelir: 92000.00
    -- Yüksek gelir, genel olarak kusursuz ödeme
    (10000000023, 8, 180000.00, 8, 180000.00, 0, 0.00, 4, 25000.00, 0.00, 6),

    -- 24) Elif Yılmaz (TC: 12345678924), Yarı zamanlı, Gelir: 24000.00
    -- Orta gelir, bazen gecikmeler
    (10000000024, 5, 13000.00, 4, 11000.00, 1, 2000.00, 3, 7000.00, 1000.00, 3),

    -- 25) Tolga Kaya (TC: 12345678925), Tam zamanlı, Gelir: 70000.00
    -- Yüksek gelir, az gecikme
    (10000000025, 11, 110000.00, 10, 100000.00, 1, 10000.00, 5, 18000.00, 4000.00, 6),

    -- 26) Derya Şahin (TC: 12345678926), Öğrenci, Gelir: 0.00
    -- Yeni öğrenci, kredi kartı borcu yok
    (10000000026, 0, 0.00, 0, 0.00, 0, 0.00, 0, 1500.00, 0.00, 1),

    -- 27) Ufuk Aydın (TC: 12345678927), Sözleşmeli, Gelir: 40000.00
    -- Orta gelir, düzenli ödemeler
    (10000000027, 4, 16000.00, 4, 16000.00, 0, 0.00, 3, 9000.00, 0.00, 3),

    -- 28) Burcu Eren (TC: 12345678928), Tam zamanlı, Gelir: 58000.00
    -- Orta-yüksek gelir, genel olarak düzenli ödemeler
    (10000000028, 7, 110000.00, 7, 110000.00, 0, 0.00, 4, 17000.00, 0.00, 5),

    -- 29) Ozan Yılmaz (TC: 12345678929), Emekli, Gelir: 16000.00
    -- Düşük gelir, bazen gecikmeler
    (10000000029, 6, 12000.00, 4, 8000.00, 2, 4000.00, 2, 6000.00, 1000.00, 3),

    -- 30) Selma Polat (TC: 12345678930), Serbest Meslek, Gelir: 88000.00
    -- Yüksek gelir, genellikle düzenli ödemeler
    (10000000030, 9, 220000.00, 9, 220000.00, 0, 0.00, 5, 28000.00, 0.00, 7),
    (10000000031, 4, 20000.00, 3, 15000.00, 1, 5000.00, 2, 8000.00, 3500.00, 3),
    (10000000032, 5, 30000.00, 4, 27000.00, 1, 3000.00, 3, 10000.00, 0.00, 5),
    (10000000033, 7, 45000.00, 6, 42000.00, 1, 3000.00, 5, 15000.00, 5000.00, 7),
    (10000000034, 3, 15000.00, 2, 12000.00, 1, 3000.00, 1, 7000.00, 0.00, 2),
    (10000000035, 10, 90000.00, 8, 85000.00, 2, 5000.00, 7, 25000.00, 5000.00, 10),
    -- Başlangıç: 36. kişiden 100. kişiye kadar olan veriler
-- Başlangıç: 36. kişiden 100. kişiye kadar olan veriler
-- 36) Elif Aydın, STUDENT
    (10000000036, 2, 1315.25, 1, 915.25, 1, 400.00, 1, 2100.00, 420.50, 1),
-- 37) Emre Koç, PART_TIME
    (10000000037, 4, 17120.75, 3, 15120.75, 1, 2000.00, 2, 7250.00, 2150.80, 2),
-- 38) Ayşe Yıldız, FULL_TIME
    (10000000038, 10, 99345.10, 9, 96345.10, 1, 3000.00, 5, 25800.00, 0.00, 6),
-- 39) Ali Demir, SELF_EMPLOYED
    (10000000039, 13, 185100.99, 11, 177000.99, 2, 8100.00, 6, 41500.00, 10250.30, 9),
-- 40) Zeynep Çelik, UNEMPLOYED
    (10000000040, 3, 8900.50, 1, 6200.50, 2, 2700.00, 1, 3150.00, 1600.70, 3),
-- 41) Mehmet Öztürk, CONTRACTOR
    (10000000041, 7, 53200.40, 5, 49200.40, 2, 4000.00, 4, 18500.00, 6150.25, 5),
-- 42) Fatma Kaya, RETIRED
    (10000000042, 5, 14250.80, 3, 12250.80, 2, 2000.00, 1, 6300.00, 0.00, 10),
-- 43) Burak Yılmaz, STUDENT
    (10000000043, 1, 580.45, 1, 580.45, 0, 0.00, 1, 1100.00, 220.10, 1),
-- 44) Hülya Arslan, PART_TIME
    (10000000044, 5, 18300.60, 4, 16300.60, 1, 2000.00, 2, 8400.00, 1120.30, 2),
-- 45) Onur Doğan, FULL_TIME
    (10000000045, 9, 85100.90, 7, 82100.90, 2, 3000.00, 4, 22500.00, 0.00, 5),
-- 46) Sevgi Şahin, SELF_EMPLOYED
    (10000000046, 10, 134500.80, 9, 131500.80, 1, 3000.00, 5, 36000.00, 5100.75, 8),
-- 47) Ahmet Bozkurt, UNEMPLOYED
    (10000000047, 4, 12150.30, 2, 7250.30, 2, 4900.00, 2, 4200.00, 2600.90, 4),
-- 48) Melis Korkmaz, CONTRACTOR
    (10000000048, 6, 48100.50, 5, 46100.50, 1, 2000.00, 3, 16500.00, 3200.15, 6),
-- 49) Hasan Çetin, RETIRED
    (10000000049, 6, 18500.40, 4, 15500.40, 2, 3000.00, 2, 7400.00, 0.00, 11),
-- 50) Ceren Özdemir, STUDENT
    (10000000050, 2, 1310.60, 2, 1310.60, 0, 0.00, 1, 2600.00, 850.30, 1),
-- 51) Furkan Güler, PART_TIME
    (10000000051, 4, 16250.15, 3, 14250.15, 1, 2000.00, 2, 6300.00, 1650.40, 2),
-- 52) Ayhan Erdoğan, FULL_TIME
    (10000000052, 11, 126800.50, 10, 122800.50, 1, 4000.00, 6, 31000.00, 0.00, 7),
-- 53) Selin Kaplan, SELF_EMPLOYED
    (10000000053, 12, 151500.70, 10, 147500.70, 2, 4000.00, 5, 39500.00, 8500.60, 9),
-- 54) Harun Özkan, UNEMPLOYED
    (10000000054, 2, 4150.30, 0, 2150.30, 2, 2000.00, 1, 2200.00, 1950.20, 1),
-- 55) Dilara Bulut, CONTRACTOR
    (10000000055, 8, 45200.80, 6, 41200.80, 2, 4000.00, 3, 15500.00, 4150.90, 7),
-- 56) İsmail Şimşek, RETIRED
    (10000000056, 5, 13200.40, 3, 11200.40, 2, 2000.00, 2, 5300.00, 0.00, 12),
-- 57) Rabia Kurt, STUDENT
    (10000000057, 1, 805.65, 1, 805.65, 0, 0.00, 1, 1600.00, 330.40, 1),
-- 58) Ömer Tan, PART_TIME
    (10000000058, 4, 13350.90, 2, 9350.90, 2, 4000.00, 2, 6200.00, 2650.70, 2),
-- 59) Beyza Acar, FULL_TIME
    (10000000059, 10, 134800.20, 9, 131800.20, 1, 3000.00, 5, 33500.00, 0.00, 8),
-- 60) Kemal Avcı, SELF_EMPLOYED
    (10000000060, 12, 161200.40, 10, 157200.40, 2, 4000.00, 6, 43500.00, 7500.80, 9),
-- 61) Ece Polat, UNEMPLOYED
    (10000000061, 3, 11350.60, 1, 7350.60, 2, 4000.00, 1, 3700.00, 2200.10, 3),
-- 62) Yusuf Güneş, CONTRACTOR
    (10000000062, 8, 58300.10, 7, 56300.10, 1, 2000.00, 4, 19500.00, 5200.40, 5),
-- 63) Büşra Aksoy, RETIRED
    (10000000063, 6, 21500.25, 4, 18500.25, 2, 3000.00, 2, 8200.00, 0.00, 13),
-- 64) Mert Yavuz, STUDENT
    (10000000064, 1, 950.80, 1, 950.80, 0, 0.00, 1, 2200.00, 550.60, 1),
-- 65) Gizem Koşar, STUDENT
    (10000000065, 3, 1450.30, 2, 1150.30, 1, 300.00, 1, 2750.00, 650.45, 1),
-- 66) Taha Karaca, FULL_TIME
    (10000000066, 9, 89200.70, 8, 86200.70, 1, 3000.00, 5, 29500.00, 0.00, 6),
-- 67) Hilal Çakır, SELF_EMPLOYED
    (10000000067, 13, 166100.30, 11, 162100.30, 2, 4000.00, 6, 46500.00, 12500.90, 10),
-- 68) Berk Aslan, UNEMPLOYED
    (10000000068, 5, 13450.70, 2, 9450.70, 3, 4000.00, 2, 4400.00, 2950.20, 4),
-- 69) Zeynep Küçük, CONTRACTOR
    (10000000069, 7, 52200.15, 5, 49200.15, 2, 3000.00, 3, 17500.00, 4750.80, 8),
-- 70) Murat Bayraktar, RETIRED
    (10000000070, 6, 17350.60, 3, 12350.60, 3, 5000.00, 2, 6400.00, 0.00, 11),
-- 71) Tuğba Akın, STUDENT
    (10000000071, 1, 650.80, 1, 650.80, 0, 0.00, 1, 1700.00, 380.20, 1),
-- 72) Serkan Durmaz, PART_TIME
    (10000000072, 4, 15400.50, 3, 13400.50, 1, 2000.00, 2, 7300.00, 1950.40, 2),
-- 73) Sena Topal, FULL_TIME
    (10000000073, 11, 110200.10, 9, 107200.10, 2, 3000.00, 5, 30500.00, 0.00, 7),
-- 74) Halil Yurt, SELF_EMPLOYED
    (10000000074, 14, 192200.90, 11, 187200.90, 3, 5000.00, 7, 49500.00, 15500.60, 10),
-- 75) Gül Özer, UNEMPLOYED
    (10000000075, 4, 10750.40, 1, 6750.40, 3, 4000.00, 1, 3800.00, 2350.80, 3),
-- 76) Eren Bilgin, CONTRACTOR
    (10000000076, 8, 57200.70, 6, 53200.70, 2, 4000.00, 4, 20500.00, 5750.30, 7),
-- 77) Yasemin Çelik, RETIRED
    (10000000077, 6, 23250.30, 5, 21250.30, 1, 2000.00, 2, 9200.00, 0.00, 14),
-- 78) Alper Ekinci, STUDENT
    (10000000078, 2, 1055.90, 1, 855.90, 1, 200.00, 1, 1650.00, 440.75, 1),
-- 79) Sibel Arı, PART_TIME
    (10000000079, 5, 14250.15, 3, 12250.15, 2, 2000.00, 2, 6800.00, 1320.60, 2),
-- 80) Mehmet Er, FULL_TIME
    (10000000080, 12, 121800.40, 10, 116800.40, 2, 5000.00, 6, 31500.00, 0.00, 8),
-- 81) Didem Işık, SELF_EMPLOYED
    (10000000081, 13, 147100.60, 10, 137100.60, 3, 10000.00, 6, 41800.00, 10500.20, 9),
-- 82) Tolga Önal, UNEMPLOYED
    (10000000082, 3, 11750.80, 1, 7750.80, 2, 4000.00, 1, 4200.00, 3150.90, 3),
-- 83) Pelin Taş, CONTRACTOR
    (10000000083, 7, 50100.20, 5, 48100.20, 2, 2000.00, 3, 16800.00, 4700.50, 7),
-- 84) Okan Akay, RETIRED
    (10000000084, 6, 18250.70, 3, 14250.70, 3, 4000.00, 2, 7200.00, 0.00, 12),
-- 85) Nazlı Bal, STUDENT
    (10000000085, 1, 710.40, 1, 710.40, 0, 0.00, 1, 1800.00, 320.15, 1),
-- 86) Can Köse, PART_TIME
    (10000000086, 5, 17300.90, 3, 15300.90, 2, 2000.00, 2, 8500.00, 2150.30, 2),
-- 87) Berna Sağlam, FULL_TIME
    (10000000087, 12, 135100.50, 10, 132100.50, 2, 3000.00, 6, 36500.00, 0.00, 8),
-- 88) Umut Demirtaş, SELF_EMPLOYED
    (10000000088, 14, 197500.75, 11, 187500.75, 3, 10000.00, 7, 51500.00, 18500.40, 10),
-- 89) İrem Tosun, UNEMPLOYED
    (10000000089, 4, 11250.30, 1, 7250.30, 3, 4000.00, 1, 4300.00, 2650.70, 4),
-- 90) Yunus Odabaşı, CONTRACTOR
    (10000000090, 8, 54300.60, 6, 51300.60, 2, 3000.00, 4, 19000.00, 5200.80, 8),
-- 91) Esra Karabacak, RETIRED
    (10000000091, 7, 25400.10, 5, 22400.10, 2, 3000.00, 3, 10500.00, 0.00, 13),
-- 92) Ramazan Taşkın, STUDENT
    (10000000092, 1, 755.25, 1, 755.25, 0, 0.00, 1, 1600.00, 380.10, 1),
-- 93) Gizem Torun, PART_TIME
    (10000000093, 4, 16200.40, 2, 12200.40, 2, 4000.00, 2, 7100.00, 2150.90, 2),
-- 94) Bora Uçar, FULL_TIME
    (10000000094, 11, 102200.80, 9, 99200.80, 2, 3000.00, 5, 29000.00, 0.00, 7),
-- 95) Elif Özbay, SELF_EMPLOYED
    (10000000095, 13, 160800.40, 11, 156800.40, 2, 4000.00, 6, 46000.00, 10500.30, 11),
-- 96) Barış Yaman, UNEMPLOYED
    (10000000096, 4, 12200.50, 1, 8200.50, 3, 4000.00, 1, 4600.00, 3100.40, 4),
-- 97) Necla İlhan, CONTRACTOR
    (10000000097, 9, 59200.70, 7, 55200.70, 2, 4000.00, 4, 21000.00, 6200.15, 9),
-- 98) Talha Özer, RETIRED
    (10000000098, 6, 20450.30, 4, 18450.30, 2, 2000.00, 2, 8500.00, 0.00, 13),
-- 99) Cansu Türkmen, STUDENT
    (10000000099, 1, 605.10, 1, 605.10, 0, 0.00, 1, 1200.00, 280.90, 1),
-- 100) Yalçın Akkaya, STUDENT
    (10000000100, 3, 1500.80, 2, 1200.80, 1, 300.00, 1, 2300.00, 550.70, 1);